Name,Hash,Id,Tag,Tier,Type,Source,Equippable,Power,Power Limit,Masterwork Type,Masterwork Tier,Owner,Armor2.0,Locked,Equipped,Year,Season,Event,Mobility,Resilience,Recovery,Discipline,Intellect,Strength,Total,Custom,Mobility (Base),Resilience (Base),Recovery (Base),Discipline (Base),Intellect (Base),Strength (Base),Total (Base),Custom (Base),Seasonal Mod,Notes,Perks 0,Perks 1,Perks 2,Perks 3,Perks 4,Perks 5,Perks 6,Perks 7,Perks 8,Perks 9,Perks 10,Perks 11
Holdfast Mask,3097544525,"""6917529206163625587""",,Legendary,Helmet,seasonpass,Hunter,1320,,Solar Energy Capacity,10,Hunter(1344),true,true,false,3,11,,10,4,21,10,28,4,77,0,8,2,19,8,21,2,60,0,combatstyle,,Minor Intellect Mod*,Grenade Launcher Ammo Finder*,Grenade Launcher Ammo Finder*,Wrath of Rasputin*,Amethyst Veil*,Upgrade Armor*,*,*,*,*,Shadow's Mask*,
Mask of Bakris,1619425569,"""6917529212456953961""",,Exotic,Helmet,lostsectors,Hunter,1320,,Solar Energy Capacity,10,Hunter(1344),true,true,false,4,12,,14,13,22,8,20,9,86,0,2,11,20,6,18,7,64,0,combatstyle,,Mobility Mod*,Hand Cannon Targeting*,Ashes to Assets*,Amethyst Veil*,Upgrade Armor*,*,*,*,*,Light Shift*,,
Liar's Handshake,4165919945,"""6917529361874507372""",,Exotic,Gauntlets,,Hunter,1320,,Arc Energy Capacity,10,Hunter(1344),true,true,false,2,6,,14,8,15,23,14,10,84,0,12,6,13,21,2,8,62,0,combatstyle,,Intellect Mod*,Overload Submachine Gun*,Fastball*,Taking Charge*,Grand Luster*,Upgrade Armor*,*,*,*,*,"Charmed, I'm Sure*",Cross Counter*
Shards of Galanor,691578979,"""6917529205649796815""",,Exotic,Gauntlets,,Hunter,1320,,Arc Energy Capacity,10,Hunter(1344),true,true,false,2,4,,5,15,24,4,22,12,82,0,3,13,17,2,20,10,65,0,combatstyle,,Minor Recovery Mod*,Grenade Launcher Loader*,Overload Submachine Gun*,Taking Charge*,Amethyst Veil*,Upgrade Armor*,*,*,*,*,Blued Steel*,Sharp Edges*
Reverie Dawn Grasps,4008120231,"""6917529415683237681""",,Legendary,Gauntlets,dreaming,Hunter,1310,,Arc Energy Capacity,2,Hunter(1344),true,true,false,4,13,,14,7,6,7,16,2,52,0,14,7,6,7,16,2,52,0,combatstyle,,Riven's Curse*,Upgrade Armor*,*,*,*,*,,,,,,
Phobos Warden Grasps,146223817,"""6917529417428637343""",,Legendary,Gauntlets,strikes,Hunter,1100,,Solar Energy Capacity,1,Hunter(1344),true,true,false,4,14,,2,2,26,2,16,7,55,0,2,2,26,2,16,7,55,0,combatstyle,,Change Energy Type*,*,*,*,*,,,,,,,
The Sixth Coyote,1474735277,"""6917529369593718374""",,Exotic,Chest Armor,,Hunter,1320,,Solar Energy Capacity,10,Hunter(1344),true,true,false,2,4,,21,5,14,4,14,21,79,0,19,3,12,2,12,19,67,0,combatstyle,,Amethyst Veil*,Upgrade Armor*,*,*,*,*,Double Dodge*,,,,,
Reverie Dawn Hauberk,3368092113,"""6917529415697060738""",,Legendary,Chest Armor,dreaming,Hunter,1310,,Solar Energy Capacity,1,Hunter(1344),true,true,false,4,13,,6,2,17,10,12,2,49,0,6,2,17,10,12,2,49,0,combatstyle,,Riven's Curse*,Change Energy Type*,*,*,*,*,,,,,,
Phobos Warden Vest,2335208655,"""6917529417428639216""",,Legendary,Chest Armor,strikes,Hunter,1100,,Solar Energy Capacity,1,Hunter(1344),true,true,false,4,14,,20,2,6,2,20,6,56,0,20,2,6,2,20,6,56,0,combatstyle,,Change Energy Type*,*,*,*,*,,,,,,,
Star-Eater Scales,1001356380,"""6917529353741800491""",,Exotic,Leg Armor,lostsectors,Hunter,1310,,Arc Energy Capacity,10,Hunter(1344),true,true,false,4,14,,15,10,11,4,25,18,83,0,13,8,9,2,13,16,61,0,combatstyle,,Intellect Mod*,Rocket Launcher Scavenger*,Rocket Launcher Scavenger*,Monochromatic*,Upgrade Armor*,*,*,*,*,Feast of Light*,,
St0mp-EE5,193869520,"""6917529102780685732""",,Exotic,Leg Armor,,Hunter,1320,,Void Energy Capacity,10,Hunter(1344),true,true,false,1,1,,16,9,22,15,11,8,81,0,4,7,20,13,9,6,59,0,combatstyle,,Mobility Mod*,Shotgun Scavenger*,Shotgun Scavenger*,Metro Shift*,Upgrade Armor*,*,*,*,*,Hydraulic Boosters*,,
Legacy's Oath Cloak,1021060724,"""6917529211467234476""",,Legendary,Hunter Cloak,deepstonecrypt,Hunter,1320,,Arc Energy Capacity,10,Hunter(1344),true,true,false,4,12,,32,2,2,2,2,2,42,0,0,0,0,0,0,0,0,0,"combatstyle,deepstonecrypt",,Mobility Mod*,Outreach*,Powerful Friends*,Technofusion*,Upgrade Armor*,Lightkin Cloak*,,,,,,
Legacy's Oath Cloak,1021060724,"""6917529212077507833""",,Legendary,Hunter Cloak,deepstonecrypt,Hunter,1320,,Void Energy Capacity,10,Hunter(1344),true,true,false,4,12,,2,2,2,2,2,2,12,0,0,0,0,0,0,0,0,0,"combatstyle,deepstonecrypt",,Technofusion*,Upgrade Armor*,Solstice Cloak (Majestic)*,,,,,,,,,
Cloak of Temptation,2861892194,"""6917529370881081789""",,Legendary,Hunter Cloak,garden,Hunter,1310,,Arc Energy Capacity,10,Hunter(1344),true,true,false,4,12,,2,2,2,2,2,2,12,0,0,0,0,0,0,0,0,0,"combatstyle,gardenofsalvation",,Upgrade Armor*,,,,,,,,,,,
Reverie Dawn Cloak,844097260,"""6917529415677736475""",,Legendary,Hunter Cloak,dreaming,Hunter,1310,,Arc Energy Capacity,2,Hunter(1344),true,true,false,4,13,,0,0,0,0,0,0,0,0,0,0,0,0,0,0,0,0,combatstyle,,Riven's Curse*,Upgrade Armor*,,,,,,,,,,
Celestial Nighthawk,1321354573,"""6917529347955221896""",,Exotic,Helmet,,Hunter,1320,,Solar Energy Capacity,10,Hunter(1344),true,true,true,1,1,,5,19,25,12,21,4,86,0,3,17,13,10,19,2,64,0,combatstyle,,Recovery Mod*,Grenade Launcher Ammo Finder*,Ashes to Assets*,Wrath of Rasputin*,Amethyst Veil*,Upgrade Armor*,*,*,*,*,Hrafnagud*,Hawkeye Hack*
Simulator Grips,79417130,"""6917529196446121236""",,Legendary,Gauntlets,fwc,Hunter,1320,,Arc Energy Capacity,10,Hunter(1344),true,true,true,3,10,,16,4,19,16,20,4,79,0,14,2,17,14,13,2,62,0,combatstyle,,Minor Intellect Mod*,Overload Submachine Gun*,Grenade Launcher Loader*,Taking Charge*,Metro Shift*,Upgrade Armor*,*,*,*,*,Luxe Sleeves*,
Sovereign Vest,3060679667,"""6917529211467232715""",,Legendary,Chest Armor,nm,Hunter,1320,,Solar Energy Capacity,10,Hunter(1344),true,true,true,3,10,,9,8,31,9,20,8,85,0,7,6,19,7,18,6,63,0,combatstyle,,Recovery Mod*,Concussive Dampener*,Rage of the Warmind*,Metro Shift*,Upgrade Armor*,*,*,*,*,Prodigal Vest*,,
Boots of the Ace-Defiant,3853397101,"""6917529202665225259""",,Legendary,Leg Armor,dcv,Hunter,1320,,Void Energy Capacity,10,Hunter(1344),true,true,true,3,11,,9,4,23,9,32,-6,71,0,7,2,21,7,20,2,59,0,combatstyle,,Intellect Mod*,Grenade Launcher Scavenger*,Grenade Launcher Scavenger*,Protective Light*,Metro Shift*,Upgrade Armor*,*,*,*,*,Moonfang-X7 Strides*,
Legacy's Oath Cloak,1021060724,"""6917529211457415465""",,Legendary,Hunter Cloak,deepstonecrypt,Hunter,1320,,Solar Energy Capacity,10,Hunter(1344),true,true,true,4,12,,2,2,2,2,2,2,12,0,0,0,0,0,0,0,0,0,"combatstyle,deepstonecrypt",,Breach and Clear*,Global Reach*,Technofusion*,Upgrade Armor*,Lightkin Cloak*,,,,,,,
Reverie Dawn Helm,1472713738,"""6917529415709147114""",,Legendary,Helmet,dreaming,Titan,1310,,Void Energy Capacity,4,Titan(1344),true,true,false,4,13,,6,24,2,15,13,2,62,0,6,24,2,15,13,2,62,0,combatstyle,,Riven's Curse*,Upgrade Armor*,*,*,*,*,,,,,,
Ursa Furiosa,1848640623,"""6917529404101645828""",,Exotic,Gauntlets,,Titan,1320,,Arc Energy Capacity,10,Titan(1344),true,true,false,2,4,,14,12,12,4,20,13,75,0,12,10,10,2,18,11,63,0,combatstyle,,Grand Luster*,Upgrade Armor*,*,*,*,*,Ursus Maritimus*,Ursine Guard*,,,,
Cuirass of the Falling Star,2321120637,"""6917529405930341695""",infuse,Exotic,Chest Armor,lostsectors,Titan,1320,,Arc Energy Capacity,4,Titan(1344),true,true,false,4,13,,16,2,14,7,28,2,69,0,16,2,14,7,23,2,64,0,combatstyle,,Minor Intellect Mod*,Arc Resistance*,Concussive Dampener*,Bitterpearl*,Upgrade Armor*,*,*,*,*,Glorious Charge*,,
Cuirass of the Falling Star,2321120637,"""6917529413355278647""",,Exotic,Chest Armor,lostsectors,Titan,1320,,Solar Energy Capacity,1,Titan(1344),true,true,false,4,13,,2,15,13,6,15,10,61,0,2,15,13,6,15,10,61,0,combatstyle,,Change Energy Type*,*,*,*,*,Glorious Charge*,,,,,,
Crest of Alpha Lupi,1591207519,"""6917529414107127511""",,Exotic,Chest Armor,,Titan,1310,,Void Energy Capacity,6,Titan(1344),true,true,false,1,1,,8,7,18,14,2,16,65,0,8,7,18,14,2,16,65,0,combatstyle,,Shotgun Reserves*,Shotgun Reserves*,Amethyst Veil*,Upgrade Armor*,*,*,*,*,Survival Well*,,,
Armamentarium,3874247549,"""6917529413448562845""",,Exotic,Chest Armor,,Titan,1320,,Void Energy Capacity,1,Titan(1344),true,true,false,1,3,,7,8,18,21,8,2,64,0,7,8,18,21,8,2,64,0,combatstyle,,Change Energy Type*,*,*,*,*,And Another Thing*,,,,,,
Wild Hunt Plate,3351935136,"""6917529209665699987""",,Legendary,Chest Armor,seasonpass,Titan,1320,,Arc Energy Capacity,10,Titan(1344),true,true,false,4,12,,8,10,31,9,22,8,88,0,6,8,19,7,20,6,66,0,combatstyle,,Recovery Mod*,Shotgun Reserves*,Shotgun Reserves*,Amethyst Veil*,Upgrade Armor*,*,*,*,*,Celestial Plate*,,
Hallowfire Heart,1192890598,"""6917529342763913069""",infuse,Exotic,Chest Armor,,Titan,1320,,Solar Energy Capacity,10,Titan(1344),true,true,false,1,1,,12,16,24,8,27,4,91,0,10,14,12,6,25,2,69,0,combatstyle,,Recovery Mod*,Rocket Launcher Reserves*,Taking Charge*,Amethyst Veil*,Upgrade Armor*,*,*,*,*,Arcturus Engine*,Sunfire Furnace*,
Lion Rampant,3539357318,"""6917529115220531002""",,Exotic,Leg Armor,,Titan,1320,,Void Energy Capacity,10,Titan(1344),true,true,false,1,1,,8,10,18,11,18,4,69,0,6,8,16,9,6,12,57,0,combatstyle,,Intellect Mod*,Grenade Launcher Scavenger*,Grenade Launcher Scavenger*,Protective Light*,Amethyst Veil*,Upgrade Armor*,*,*,*,*,Rocket Scientist*,Jump Jets*
Dunemarchers,1160559849,"""6917529414153749334""",,Exotic,Leg Armor,,Titan,1320,,Arc Energy Capacity,8,Titan(1344),true,true,false,1,1,,13,7,16,6,6,12,60,0,13,7,6,6,6,12,50,0,combatstyle,,Recovery Mod*,Shotgun Scavenger*,Shotgun Scavenger*,Neopop Wave*,Upgrade Armor*,*,*,*,*,Linear Actuators*,,
Phoenix Cradle,1537074069,"""6917529415781821216""",,Exotic,Leg Armor,campaign,Titan,1320,,Solar Energy Capacity,3,Titan(1344),true,true,false,3,8,,2,13,16,21,2,8,62,0,2,13,16,21,2,8,62,0,combatstyle,,Upgrade Armor*,*,*,*,*,Beacons of Empowerment*,,,,,,
Reverie Dawn Greaves,788771493,"""6917529415601378412""",,Legendary,Leg Armor,dreaming,Titan,1310,,Solar Energy Capacity,4,Titan(1344),true,true,false,4,13,,2,16,8,7,7,12,52,0,2,16,8,7,7,12,52,0,combatstyle,,Riven's Curse*,Upgrade Armor*,*,*,*,*,,,,,,
Peregrine Greaves,2255796155,"""6917529414977257754""",,Exotic,Leg Armor,,Titan,1320,,Void Energy Capacity,2,Titan(1344),true,true,false,2,7,,13,11,10,2,15,14,65,0,13,11,10,2,15,14,65,0,combatstyle,,Upgrade Armor*,*,*,*,*,Peregrine Strike*,,,,,,
The Path of Burning Steps,1453120846,"""6917529417596390806""",,Exotic,Leg Armor,lostsectors,Titan,1320,,Void Energy Capacity,2,Titan(1344),true,true,false,4,14,,8,6,17,2,19,12,64,0,8,6,17,2,19,12,64,0,combatstyle,,Upgrade Armor*,*,*,*,*,Firewalker*,,,,,,
Legacy's Oath Mark,2956588906,"""6917529340750554179""",,Legendary,Titan Mark,deepstonecrypt,Titan,1320,,Void Energy Capacity,10,Titan(1344),true,true,false,4,12,,2,2,2,2,12,2,22,0,0,0,0,0,0,0,0,0,"combatstyle,deepstonecrypt",,Intellect Mod*,Energy Accelerant*,Perpetuation*,Global Reach*,Amethyst Veil*,Upgrade Armor*,Light of the Great Prism*,,,,,
Legacy's Oath Mark,2956588906,"""6917529370949614511""",,Legendary,Titan Mark,deepstonecrypt,Titan,1320,,Arc Energy Capacity,10,Titan(1344),true,true,false,4,12,,22,2,12,2,2,2,42,0,0,0,0,0,0,0,0,0,"combatstyle,deepstonecrypt",,Recovery Mod*,Outreach*,Powerful Friends*,Amethyst Veil*,Upgrade Armor*,Light of the Great Prism*,,,,,,
RPC Valiant,2466525328,"""6917529418276819793""",,Rare,Gauntlets,campaign,Titan,1310,,Arc Energy Capacity,5,Titan(1344),true,false,false,2,4,,14,6,6,6,6,10,48,0,14,6,6,6,6,10,48,0,,,Upgrade Armor*,*,*,*,*,,,,,,,
RPC Valiant,2994740249,"""6917529418288961203""",,Rare,Helmet,campaign,Titan,1310,,Void Energy Capacity,5,Titan(1344),true,false,false,2,4,,10,2,11,8,2,16,49,0,10,2,11,8,2,16,49,0,,,Upgrade Armor*,*,*,*,*,,,,,,,
Simulator Helm,1607585295,"""6917529210268905622""",,Legendary,Helmet,fwc,Titan,1320,,Solar Energy Capacity,10,Titan(1344),true,true,true,3,10,,11,4,30,9,21,8,83,0,9,2,18,7,19,6,61,0,combatstyle,,Recovery Mod*,Grenade Launcher Ammo Finder*,Wrath of Rasputin*,Amethyst Veil*,Upgrade Armor*,*,*,*,*,Helm of the Emperor's Champion*,,
Terra Concord Fists,3852389988,"""6917529207843177505""",,Legendary,Gauntlets,legendaryengram,Titan,1320,,Arc Energy Capacity,10,Titan(1344),true,true,true,3,11,,4,8,20,10,24,4,70,0,2,6,18,8,17,2,53,0,combatstyle,,Minor Intellect Mod*,Anti-Barrier Scout Rifle*,Unstoppable Grenade Launcher*,Amethyst Veil*,Upgrade Armor*,*,*,*,*,Contender Gauntlets*,,
Cuirass of the Falling Star,2321120637,"""6917529344288038398""",,Exotic,Chest Armor,lostsectors,Titan,1320,,Solar Energy Capacity,10,Titan(1344),true,true,true,4,13,,14,4,28,4,17,13,80,0,12,2,16,2,15,11,58,0,combatstyle,,Recovery Mod*,Concussive Dampener*,Concussive Dampener*,Taking Charge*,Amethyst Veil*,Upgrade Armor*,*,*,*,*,Glorious Charge*,
Wild Hunt Greaves,3180809346,"""6917529209665694713""",,Legendary,Leg Armor,seasonpass,Titan,1320,,Void Energy Capacity,10,Titan(1344),true,true,true,4,12,,14,4,21,12,28,-2,77,0,12,2,19,10,16,6,65,0,combatstyle,,Intellect Mod*,Grenade Launcher Scavenger*,Grenade Launcher Scavenger*,Protective Light*,Amethyst Veil*,Upgrade Armor*,*,*,*,*,Celestial Greaves*,
Legacy's Oath Mark,2956588906,"""6917529215195360874""",,Legendary,Titan Mark,deepstonecrypt,Titan,1320,,Solar Energy Capacity,10,Titan(1344),true,true,true,4,12,,2,2,2,2,2,2,12,0,0,0,0,0,0,0,0,0,"combatstyle,deepstonecrypt",,Breach and Clear*,Global Reach*,Amethyst Veil*,Upgrade Armor*,Light of the Great Prism*,,,,,,,
Verity's Brow,2428181146,"""6917529200450783517""",,Exotic,Helmet,,Warlock,1320,,Void Energy Capacity,10,Warlock(1344),true,true,false,1,3,,14,8,10,27,16,4,79,0,12,6,18,15,14,2,67,0,combatstyle,,Discipline Mod*,Grenade Launcher Ammo Finder*,Stacks on Stacks*,Amethyst Veil*,Upgrade Armor*,*,*,*,*,The Fourth Magic*,,
Nezarec's Sin,3381022971,"""6917529203936636719""",,Exotic,Helmet,,Warlock,1320,,Solar Energy Capacity,10,Warlock(1344),true,true,false,1,1,,10,9,24,26,4,9,82,0,8,7,17,24,2,7,65,0,combatstyle,,Minor Recovery Mod*,Ashes to Assets*,Grenade Launcher Ammo Finder*,Elemental Charge*,Bitterpearl*,Upgrade Armor*,*,*,*,*,Afraid of the Dark*,Abyssal Extractors*
Ophidian Aspect,3627185503,"""6917529414101999348""",,Exotic,Gauntlets,,Warlock,1310,,Arc Energy Capacity,1,Warlock(1344),true,true,false,1,2,,3,10,17,6,15,10,61,0,3,10,17,6,15,10,61,0,combatstyle,,Change Energy Type*,*,*,*,*,Cobra Totemic*,,,,,,
Contraverse Hold,1906093346,"""6917529345197768546""",,Exotic,Gauntlets,,Warlock,1320,,Arc Energy Capacity,10,Warlock(1344),true,true,false,2,4,,14,10,19,18,11,8,80,0,12,8,12,16,9,6,63,0,combatstyle,,Minor Recovery Mod*,Anti-Barrier Scout Rifle*,Unstoppable Grenade Launcher*,Upgrade Armor*,*,*,*,*,Chaotic Exchanger*,,,
Reverie Dawn Gloves,150052158,"""6917529415637044407""",,Legendary,Gauntlets,dreaming,Warlock,1310,,Void Energy Capacity,1,Warlock(1344),true,true,false,4,13,,2,15,13,15,2,12,59,0,2,15,13,15,2,12,59,0,combatstyle,,Riven's Curse*,Change Energy Type*,*,*,*,*,,,,,,
Dreambane Robes,4235863403,"""6917529415739575410""",,Legendary,Chest Armor,moon,Warlock,1310,,Void Energy Capacity,7,Warlock(1344),true,true,false,4,13,,2,12,16,23,2,8,63,0,2,12,16,23,2,8,63,0,"combatstyle,nightmare",,Upgrade Armor*,*,*,*,*,,,,,,,
Phoenix Protocol,4057299719,"""6917529344926436952""",,Exotic,Chest Armor,,Warlock,1320,,Solar Energy Capacity,10,Warlock(1344),true,true,false,2,4,,13,4,32,14,19,4,86,0,11,2,20,12,17,2,64,0,combatstyle,,Recovery Mod*,Concussive Dampener*,Rage of the Warmind*,Bloody Tooth*,Upgrade Armor*,*,*,*,*,Battle-Hearth*,,
Moonfang-X7 Boots,1781294872,"""6917529341131990668""",,Legendary,Leg Armor,dungeon,Warlock,1320,,Void Energy Capacity,10,Warlock(1344),true,true,false,3,11,,4,14,18,12,29,4,81,0,2,12,16,10,17,2,59,0,combatstyle,,Intellect Mod*,Shotgun Scavenger*,Shotgun Scavenger*,Grand Luster*,Upgrade Armor*,*,*,*,*,Luxe Soles*,,
Lunafaction Boots,4136768282,"""6917529393906699853""",,Exotic,Leg Armor,,Warlock,1320,,Void Energy Capacity,10,Warlock(1344),true,true,false,1,1,,4,9,29,14,26,-2,80,0,2,7,27,12,14,6,68,0,combatstyle,,Intellect Mod*,Grenade Launcher Scavenger*,Grenade Launcher Scavenger*,Protective Light*,Upgrade Armor*,*,*,*,*,Leystriders*,Alchemical Etchings*,
Reverie Dawn Boots,569434520,"""6917529415649218981""",,Legendary,Leg Armor,dreaming,Warlock,1310,,Solar Energy Capacity,2,Warlock(1344),true,true,false,4,13,,13,13,2,8,11,6,53,0,13,13,2,8,11,6,53,0,combatstyle,,Riven's Curse*,Upgrade Armor*,*,*,*,*,,,,,,
Transversive Steps,138282166,"""6917529207570317070""",,Exotic,Leg Armor,,Warlock,1320,,Void Energy Capacity,10,Warlock(1344),true,true,false,1,1,,5,14,24,23,10,-6,70,0,3,12,17,21,8,2,63,0,combatstyle,,Minor Recovery Mod*,Grenade Launcher Scavenger*,Grenade Launcher Scavenger*,Protective Light*,Grand Luster*,Upgrade Armor*,*,*,*,*,A Stride to the Edge*,Strange Protractor*
Legacy's Oath Bond,2902277629,"""6917529225117254103""",,Legendary,Warlock Bond,deepstonecrypt,Warlock,1320,,Arc Energy Capacity,10,Warlock(1344),true,true,false,4,12,,32,2,2,2,2,2,42,0,0,0,0,0,0,0,0,0,"combatstyle,deepstonecrypt",,Mobility Mod*,Outreach*,Powerful Friends*,Grand Luster*,Upgrade Armor*,Bond of Refuge*,,,,,,
Temptation's Bond,3103335676,"""6917529198270625941""",,Legendary,Warlock Bond,garden,Warlock,1260,,Void Energy Capacity,10,Warlock(1344),true,true,false,3,11,,2,2,12,2,2,-8,12,0,0,0,0,0,0,0,0,0,"combatstyle,gardenofsalvation",,Recovery Mod*,Protective Light*,Jacarina*,Change Energy Type*,,,,,,,,
Temptation's Bond,3103335676,"""6917529200152640846""",,Legendary,Warlock Bond,garden,Warlock,1260,,Arc Energy Capacity,10,Warlock(1344),true,true,false,3,11,,2,2,12,2,2,2,22,0,0,0,0,0,0,0,0,0,"combatstyle,gardenofsalvation",,Recovery Mod*,Outreach*,Lucent Blade*,Jacarina*,Change Energy Type*,,,,,,,
Temptation's Bond,3103335676,"""6917529198783365851""",,Legendary,Warlock Bond,garden,Warlock,1303,,Solar Energy Capacity,10,Warlock(1344),true,true,false,3,11,,2,2,2,2,12,2,22,0,0,0,0,0,0,0,0,0,"combatstyle,gardenofsalvation",,Intellect Mod*,Rage of the Warmind*,Amethyst Veil*,Upgrade Armor*,,,,,,,,
Legacy's Oath Bond,2902277629,"""6917529226992009640""",,Legendary,Warlock Bond,deepstonecrypt,Warlock,1320,,Void Energy Capacity,10,Warlock(1344),true,true,false,4,12,,2,2,2,2,2,2,12,0,0,0,0,0,0,0,0,0,"combatstyle,deepstonecrypt",,Recovery Mod*,Perpetuation*,Stacks on Stacks*,Grand Luster*,Upgrade Armor*,Bond of Refuge*,,,,,,
Reverie Dawn Bond,1394177923,"""6917529415654009608""",,Legendary,Warlock Bond,dreaming,Warlock,1310,,Void Energy Capacity,2,Warlock(1344),true,true,false,4,13,,0,0,0,0,0,0,0,0,0,0,0,0,0,0,0,0,combatstyle,,Riven's Curse*,Upgrade Armor*,,,,,,,,,,
Mask of Righteousness,3001934726,"""6917529200140927426""",,Legendary,Helmet,garden,Warlock,1320,,Solar Energy Capacity,10,Warlock(1344),true,true,true,3,11,,4,10,27,9,23,4,77,0,2,8,20,7,21,2,60,0,"combatstyle,gardenofsalvation",,Minor Recovery Mod*,Grenade Launcher Ammo Finder*,Grenade Launcher Ammo Finder*,Wrath of Rasputin*,Grand Luster*,Change Energy Type*,*,*,*,*,Solstice Hood (Majestic)*,
Channeling Wraps (CODA),1406846351,"""6917529199268477297""",,Legendary,Gauntlets,dungeon,Warlock,1320,,Arc Energy Capacity,10,Warlock(1344),true,true,true,3,11,,14,4,20,12,28,4,82,0,12,2,18,10,21,2,65,0,combatstyle,,Minor Intellect Mod*,Anti-Barrier Scout Rifle*,Unstoppable Grenade Launcher*,Grand Luster*,Upgrade Armor*,*,*,*,*,Wraps of the Emperor's Minister*,,
Channeling Robes (CODA),1652467433,"""6917529212919680730""",,Legendary,Chest Armor,dungeon,Warlock,1320,,Solar Energy Capacity,10,Warlock(1344),true,true,true,3,11,,11,4,30,9,22,4,80,0,9,2,18,7,20,2,58,0,combatstyle,,Recovery Mod*,Machine Gun Reserves*,Taking Charge*,Grand Luster*,Upgrade Armor*,*,*,*,*,Robes of the Emperor's Minister*,,
Geomag Stabilizers,121305948,"""6917529202888187134""",,Exotic,Leg Armor,,Warlock,1320,,Void Energy Capacity,10,Warlock(1344),true,true,true,2,4,,9,5,25,12,26,-2,75,0,7,3,23,10,14,6,63,0,combatstyle,,Intellect Mod*,Grenade Launcher Scavenger*,Grenade Launcher Scavenger*,Protective Light*,Bitterpearl*,Upgrade Armor*,*,*,*,*,Electromag Stabilizers*,Close Enough*
Legacy's Oath Bond,2902277629,"""6917529225136121015""",,Legendary,Warlock Bond,deepstonecrypt,Warlock,1320,,Solar Energy Capacity,10,Warlock(1344),true,true,true,4,12,,2,2,2,2,2,2,12,0,0,0,0,0,0,0,0,0,"combatstyle,deepstonecrypt",,Breach and Clear*,Global Reach*,Skele-Ghaul*,Upgrade Armor*,Bond of Refuge*,,,,,,,
The Bombardiers,1219761634,"""6917529200123630075""",,Exotic,Leg Armor,,Hunter,1100,,Arc Energy Capacity,2,Vault,true,true,false,3,9,,2,13,18,13,13,2,61,0,2,13,18,13,13,2,61,0,combatstyle,,Upgrade Armor*,*,*,*,*,Parting Gift*,,,,,,
Aeon Soul,2950045886,"""6917529345193386559""",,Exotic,Gauntlets,,Warlock,1100,,Arc Energy Capacity,10,Vault,true,true,false,1,2,,8,10,15,8,8,14,63,0,6,8,13,6,6,12,51,0,combatstyle,,Upgrade Armor*,*,*,*,*,Sect of Force*,,,,,,
Raiden Flux,2766109872,"""6917529202735249843""",infuse,Exotic,Chest Armor,,Hunter,1100,,Arc Energy Capacity,4,Vault,true,true,false,1,1,,14,3,27,10,15,7,76,0,14,3,17,10,15,7,66,0,combatstyle,,Recovery Mod*,Warbrick*,Upgrade Armor*,*,*,*,*,Synapse Junctions*,,,,
ACD/0 Feedback Fence,2563444729,"""6917529369589752407""",,Exotic,Gauntlets,,Titan,1310,,Arc Energy Capacity,1,Vault,true,true,false,1,1,,10,4,22,14,16,2,68,0,10,4,22,14,16,2,68,0,combatstyle,,Change Energy Type*,*,*,*,*,Fury Conductors*,,,,,,
Simulator Helm,1607585295,"""6917529197275740819""",,Legendary,Helmet,fwc,Titan,1320,,Void Energy Capacity,10,Vault,true,true,false,3,10,,4,10,25,26,14,-6,73,0,2,8,23,24,2,2,61,0,combatstyle,,Intellect Mod*,Shotgun Ammo Finder*,Protective Light*,Amethyst Veil*,Upgrade Armor*,*,*,*,*,Crystocrene Helm*,,
Heart of Inmost Light,1341951177,"""6917529208011169265""",infuse,Exotic,Chest Armor,,Titan,1100,,Solar Energy Capacity,5,Vault,true,true,false,2,4,,4,15,12,13,6,9,59,0,4,15,12,13,6,9,59,0,combatstyle,,Upgrade Armor*,*,*,*,*,Overflowing Light*,,,,,,
Fragment of the Prime,2253382795,"""6917529366296450645""",,Legendary,Warlock Bond,vog,Warlock,1320,,Solar Energy Capacity,10,Vault,true,true,false,4,14,,2,2,2,2,2,2,12,0,0,0,0,0,0,0,0,0,"combatstyle,vaultofglass",,Upgrade Armor*,,,,,,,,,,,
Necrotic Grip,2780717641,"""6917529348811858664""",,Exotic,Gauntlets,lostsectors,Warlock,1320,,Arc Energy Capacity,1,Vault,true,true,false,4,12,,15,2,14,15,11,2,59,0,15,2,14,15,11,2,59,0,combatstyle,,Change Energy Type*,*,*,*,*,Grasp of the Devourer*,,,,,,
Cowl of Righteousness,557676195,"""6917529198448271435""",,Legendary,Helmet,garden,Hunter,1309,,Solar Energy Capacity,10,Vault,true,true,false,3,11,,14,8,23,16,8,11,80,0,2,6,21,14,6,9,58,0,"combatstyle,gardenofsalvation",,Mobility Mod*,Grenade Launcher Ammo Finder*,Grenade Launcher Ammo Finder*,Wrath of Rasputin*,Gambit Jadestone*,Upgrade Armor*,*,*,*,*,Contender Mask*,
Light of the Great Prism,3012927512,"""6917529389872328917""",,Legendary,Titan Mark,vog,Titan,1320,,Arc Energy Capacity,10,Vault,true,true,false,4,14,,2,2,2,2,2,2,12,0,0,0,0,0,0,0,0,0,"combatstyle,vaultofglass",,Upgrade Armor*,,,,,,,,,,,
Wild Hunt Hood,251310542,"""6917529209236282330""",,Legendary,Helmet,seasonpass,Warlock,1250,,Arc Energy Capacity,10,Vault,true,true,false,4,12,,4,4,27,15,18,4,72,0,2,2,25,13,16,2,60,0,combatstyle,,Upgrade Armor*,*,*,*,*,Celestial Cover*,,,,,,
Aeon Soul,2950045886,"""6917529345197769213""",,Exotic,Gauntlets,,Warlock,1100,,Arc Energy Capacity,10,Vault,true,true,false,1,2,,8,10,15,8,8,14,63,0,6,8,13,6,6,12,51,0,combatstyle,,Upgrade Armor*,*,*,*,*,Sect of Force*,,,,,,
Aeon Soul,2950045886,"""6917529344269971538""",,Exotic,Gauntlets,,Warlock,1100,,Arc Energy Capacity,10,Vault,true,true,false,1,2,,8,10,15,8,8,14,63,0,6,8,13,6,6,12,51,0,combatstyle,,Upgrade Armor*,*,*,*,*,Sect of Force*,,,,,,
Light of the Great Prism,3012927512,"""6917529389866537889""",,Legendary,Titan Mark,vog,Titan,1320,,Solar Energy Capacity,10,Vault,true,true,false,4,14,,2,2,2,2,2,2,12,0,0,0,0,0,0,0,0,0,"combatstyle,vaultofglass",,Upgrade Armor*,,,,,,,,,,,
Shattered Vault Cloak,3339387242,"""6917529389913594147""",,Legendary,Hunter Cloak,vog,Hunter,1320,,Solar Energy Capacity,10,Vault,true,true,false,4,14,,2,2,2,2,2,2,12,0,0,0,0,0,0,0,0,0,"combatstyle,vaultofglass",,Upgrade Armor*,,,,,,,,,,,
Citan's Ramparts,1190497097,"""6917529203875201070""",infuse,Exotic,Gauntlets,,Titan,1100,,Solar Energy Capacity,3,Vault,true,true,false,3,10,,7,2,21,18,2,13,63,0,7,2,21,18,2,13,63,0,combatstyle,,Upgrade Armor*,*,*,*,*,Assault Barricade*,,,,,,
One-Eyed Mask,2578771006,"""6917529343286973655""",,Exotic,Helmet,,Titan,1310,,Arc Energy Capacity,5,Vault,true,true,false,2,4,,16,7,13,2,13,14,65,0,16,7,13,2,13,14,65,0,combatstyle,,Upgrade Armor*,*,*,*,*,Vengeance*,,,,,,
Scorned Baron Robes,4214131061,"""6917529360305060927""",,Legendary,Chest Armor,tangled,Warlock,1320,,Arc Energy Capacity,2,Vault,true,true,false,4,12,,6,2,17,6,24,2,57,0,6,2,17,6,24,2,57,0,combatstyle,,Upgrade Armor*,*,*,*,*,Robes of the Emperor's Minister*,,,,,,
Skull of Dire Ahamkara,1030017949,"""6917529348807532038""",infuse,Exotic,Helmet,,Warlock,1310,,Solar Energy Capacity,10,Vault,true,true,false,1,1,,11,10,17,4,21,12,75,0,9,8,15,2,19,10,63,0,combatstyle,,Upgrade Armor*,*,*,*,*,The Hateful Wish*,Actual Grandeur*,,,,,
Aeon Soul,2950045886,"""6917529204023159933""",,Exotic,Gauntlets,,Warlock,1100,,Arc Energy Capacity,10,Vault,true,false,false,1,2,,8,10,15,8,8,14,63,0,6,8,13,6,6,12,51,0,combatstyle,,Upgrade Armor*,*,*,*,*,Sect of Force*,,,,,,
Vigil of Heroes,1524444346,"""6917529198568829665""",,Legendary,Helmet,strikes,Hunter,1100,,Void Energy Capacity,10,Vault,true,true,false,3,11,,4,8,18,18,9,8,65,0,2,6,16,16,7,6,53,0,combatstyle,,Midnight Smith*,Upgrade Armor*,*,*,*,*,Contender Mask*,,,,,
Aeon Soul,2950045886,"""6917529203610731217""",,Exotic,Gauntlets,,Warlock,1100,,Arc Energy Capacity,10,Vault,true,true,false,1,2,,8,10,15,8,8,14,63,0,6,8,13,6,6,12,51,0,combatstyle,,Upgrade Armor*,*,*,*,*,Sect of Force*,,,,,,
Dreambane Boots,399547095,"""6917529343549312895""",,Legendary,Leg Armor,moon,Warlock,1300,,Arc Energy Capacity,1,Vault,true,true,false,4,13,,13,2,14,20,7,2,58,0,13,2,14,20,7,2,58,0,"combatstyle,nightmare",,Change Energy Type*,*,*,*,*,,,,,,,
Getaway Artist,3084282676,"""6917529205774346787""",infuse,Exotic,Gauntlets,,Warlock,1100,,Arc Energy Capacity,1,Vault,true,true,false,2,6,,6,7,18,18,9,2,60,0,6,7,18,18,9,2,60,0,combatstyle,,Change Energy Type*,*,*,*,,*,,Dynamic Duo*,,,,
Synthoceps,241462142,"""6917529404114158539""",,Exotic,Gauntlets,,Titan,1320,,Solar Energy Capacity,1,Vault,true,true,false,1,1,,9,8,16,20,10,2,65,0,9,8,16,20,10,2,65,0,combatstyle,,Change Energy Type*,*,*,*,*,Biotic Enhancements*,,,,,,
Nezarec's Sin,3381022971,"""6917529395702675621""",infuse,Exotic,Helmet,,Warlock,1320,,Solar Energy Capacity,10,Vault,true,true,false,1,1,,12,5,25,14,25,9,90,0,10,3,23,12,13,7,68,0,combatstyle,,Intellect Mod*,Grenade Launcher Ammo Finder*,Ashes to Assets*,Wrath of Rasputin*,Upgrade Armor*,*,*,*,*,Afraid of the Dark*,Abyssal Extractors*,
Actium War Rig,1591207518,"""6917529342731472418""",infuse,Exotic,Chest Armor,,Titan,1310,,Arc Energy Capacity,1,Vault,true,true,false,1,1,,14,3,16,6,14,9,62,0,14,3,16,6,14,9,62,0,combatstyle,,Change Energy Type*,*,*,*,*,Grant's Vicksburg*,Auto-Loading Link*,,,,,
Wormhusk Crown,3562696927,"""6917529205292362583""",,Exotic,Helmet,,Hunter,1100,,Void Energy Capacity,10,Vault,true,false,false,1,3,,11,8,19,24,19,4,85,0,9,6,17,22,7,2,63,0,combatstyle,,Intellect Mod*,Upgrade Armor*,*,,*,*,*,Burning Souls*,,,,
Winter's Guile,3844826443,"""6917529412574090085""",infuse,Exotic,Gauntlets,,Warlock,1320,,Solar Energy Capacity,1,Vault,true,true,false,1,1,,9,2,21,14,15,2,63,0,9,2,21,14,15,2,63,0,combatstyle,,Change Energy Type*,*,*,*,*,Warlord's Sigil*,,,,,,
Felwinter's Helm,2822465023,"""6917529340772572514""",,Exotic,Helmet,,Warlock,1307,,Void Energy Capacity,1,Vault,true,true,false,3,10,,2,14,15,16,10,7,64,0,2,14,15,16,10,7,64,0,combatstyle,,Change Energy Type*,*,*,*,*,Warlord's End*,,,,,,
Aeon Soul,2950045886,"""6917529345202554495""",,Exotic,Gauntlets,,Warlock,1100,,Arc Energy Capacity,10,Vault,true,true,false,1,2,,8,10,15,8,8,14,63,0,6,8,13,6,6,12,51,0,combatstyle,,Upgrade Armor*,*,*,*,*,Sect of Force*,,,,,,
Helm of Righteousness,519078295,"""6917529198137031642""",,Legendary,Helmet,garden,Titan,1100,,Void Energy Capacity,5,Vault,true,true,false,3,11,,13,2,13,12,18,2,60,0,13,2,13,12,18,2,60,0,"combatstyle,gardenofsalvation",,Upgrade Armor*,*,*,*,*,Celestial Helm*,,,,,,
Aeon Soul,2950045886,"""6917529203928402930""",,Exotic,Gauntlets,,Warlock,1100,,Arc Energy Capacity,10,Vault,true,false,false,1,2,,8,10,15,8,8,14,63,0,6,8,13,6,6,12,51,0,combatstyle,,Upgrade Armor*,*,*,*,*,Sect of Force*,,,,,,
Athrys's Embrace,2415768376,"""6917529209672857493""",,Exotic,Gauntlets,lostsectors,Hunter,1247,,Solar Energy Capacity,4,Vault,true,true,false,4,12,,8,6,17,2,21,6,60,0,8,6,17,2,21,6,60,0,combatstyle,,Upgrade Armor*,*,*,*,*,Skittering Stinger*,,,,,,
Aeon Soul,2950045886,"""6917529345197764835""",,Exotic,Gauntlets,,Warlock,1100,,Arc Energy Capacity,10,Vault,true,true,false,1,2,,8,10,15,8,8,14,63,0,6,8,13,6,6,12,51,0,combatstyle,,Upgrade Armor*,*,*,*,*,Sect of Force*,,,,,,
Aeon Soul,2950045886,"""6917529204023155831""",,Exotic,Gauntlets,,Warlock,1100,,Arc Energy Capacity,10,Vault,true,false,false,1,2,,8,10,15,8,8,14,63,0,6,8,13,6,6,12,51,0,combatstyle,,Upgrade Armor*,*,*,*,*,Sect of Force*,,,,,,
Assassin's Cowl,2203146422,"""6917529406997578538""",infuse,Exotic,Helmet,campaign,Hunter,1320,,Solar Energy Capacity,10,Vault,true,true,false,3,8,,12,9,16,4,18,15,74,0,10,7,14,2,16,13,62,0,combatstyle,,Upgrade Armor*,*,*,*,*,Vanishing Execution*,,,,,,
Insight Vikti Boots,2837138379,"""6917529341180250178""",,Legendary,Leg Armor,legendaryengram,Warlock,1309,,Solar Energy Capacity,10,Vault,true,true,false,3,11,,10,11,17,8,22,8,76,0,8,9,15,6,20,6,64,0,combatstyle,,Upgrade Armor*,*,*,*,*,Luxe Soles*,,,,,,
Solstice Grasps (Magnificent),2629627596,"""6917529200835344702""",,Legendary,Gauntlets,events,Hunter,1100,,Void Energy Capacity,1,Vault,true,true,false,3,11,Solstice of Heroes,2,11,20,6,17,7,63,0,2,11,20,6,17,7,63,0,combatstyle,,Change Energy Type*,*,*,*,*,Luxe Sleeves*,,,,,,
Iron Truage Vest,863163983,"""6917529362014449515""",,Legendary,Chest Armor,ironbanner,Hunter,1310,,Solar Energy Capacity,4,Vault,true,true,false,4,13,,16,2,13,22,2,7,62,0,16,2,13,22,2,7,62,0,combatstyle,,Upgrade Armor*,*,*,*,*,Luxe Vest*,,,,,,
Icarus Drifter Grips,3239215026,"""6917529208357900514""",,Legendary,Gauntlets,legendaryengram,Hunter,1209,,Solar Energy Capacity,1,Vault,true,true,false,3,11,,6,6,19,13,16,2,62,0,6,6,19,13,16,2,62,0,combatstyle,,Change Energy Type*,*,*,*,*,Luxe Sleeves*,,,,,,
Aeon Soul,2950045886,"""6917529203928410520""",,Exotic,Gauntlets,,Warlock,1100,,Arc Energy Capacity,10,Vault,true,false,false,1,2,,8,10,15,8,8,14,63,0,6,8,13,6,6,12,51,0,combatstyle,,Upgrade Armor*,*,*,*,*,Sect of Force*,,,,,,
Sovereign Vest,3060679667,"""6917529196398313749""",,Legendary,Chest Armor,nm,Hunter,1310,,Arc Energy Capacity,10,Vault,true,true,false,3,10,,12,9,26,26,4,4,81,0,10,7,14,24,2,2,59,0,combatstyle,,Recovery Mod*,Sniper Rifle Reserves*,Sniper Rifle Reserves*,Metro Shift*,Upgrade Armor*,*,*,*,*,Luxe Vest*,,
Holdfast Strides,3136019014,"""6917529197937310210""",,Legendary,Leg Armor,seasonpass,Hunter,1100,,Solar Energy Capacity,6,Vault,true,true,false,3,11,,6,2,23,12,16,6,65,0,6,2,23,12,16,6,65,0,combatstyle,,Upgrade Armor*,*,*,*,*,Moonfang-X7 Strides*,,,,,,
Sanguine Alchemy,3070555693,"""6917529208672630302""",infuse,Exotic,Chest Armor,,Warlock,1100,,Void Energy Capacity,1,Vault,true,false,false,1,3,,9,7,17,15,13,2,63,0,9,7,17,15,13,2,63,0,combatstyle,,Change Energy Type*,*,*,*,*,Blood Magic*,,,,,,
An Insurmountable Skullfort,3216110440,"""6917529109332756469""",,Exotic,Helmet,,Titan,1100,,Arc Energy Capacity,4,Vault,true,false,false,1,1,,7,14,10,6,21,2,60,0,7,14,10,6,21,2,60,0,combatstyle,,Upgrade Armor*,*,*,*,*,Transfusion Matrix*,,,,,,
Mimetic Savior Gauntlets,995693468,"""6917529359631056533""",,Legendary,Gauntlets,legendaryengram,Titan,1313,,Solar Energy Capacity,5,Vault,true,true,false,4,13,,9,2,22,16,7,7,63,0,9,2,22,16,7,7,63,0,combatstyle,,Upgrade Armor*,*,*,*,*,Celestial Gauntlets*,,,,,,
Eye of Another World,3381022970,"""6917529348803484426""",infuse,Exotic,Helmet,,Warlock,1320,,Solar Energy Capacity,10,Vault,true,true,false,1,1,,8,15,14,16,18,4,75,0,6,13,12,14,16,2,63,0,combatstyle,,Upgrade Armor*,*,*,*,*,Cerebral Uplink*,,,,,,
Ancient Apocalypse Hood,4255727106,"""6917529183128267627""",,Legendary,Helmet,drifter,Warlock,1310,,Arc Energy Capacity,10,Vault,true,true,false,3,10,,4,4,26,20,8,4,66,0,2,2,24,18,6,2,54,0,combatstyle,,Amethyst Veil*,Change Energy Type*,*,*,*,*,Blood Lineage Cover*,,,,,
Temptation's Mark,281660259,"""6917529128342715777""",,Legendary,Titan Mark,garden,Titan,1320,,Solar Energy Capacity,10,Vault,true,true,false,3,11,,2,2,12,2,2,2,22,0,0,0,0,0,0,0,0,0,"combatstyle,gardenofsalvation",,Recovery Mod*,Rage of the Warmind*,Amethyst Veil*,Upgrade Armor*,,,,,,,,
Kabr's Battlecage,4029224226,"""6917529408825683521""",,Legendary,Helmet,vog,Titan,1310,,Arc Energy Capacity,2,Vault,true,true,false,4,14,,2,6,26,12,2,17,65,0,2,6,26,12,2,17,65,0,"combatstyle,vaultofglass",,Upgrade Armor*,*,*,*,*,Contender Helm*,,,,,,
Aeon Soul,2950045886,"""6917529203923090702""",,Exotic,Gauntlets,,Warlock,1100,,Arc Energy Capacity,10,Vault,true,false,false,1,2,,8,10,15,8,8,14,63,0,6,8,13,6,6,12,51,0,combatstyle,,Upgrade Armor*,*,*,*,*,Sect of Force*,,,,,,
Insight Rover Boots,2905153902,"""6917529202653064125""",,Legendary,Leg Armor,legendaryengram,Hunter,1310,,Solar Energy Capacity,10,Vault,true,true,false,3,11,,8,4,26,31,11,4,84,0,6,2,24,19,9,2,62,0,combatstyle,,Discipline Mod*,Taking Charge*,Metro Shift*,Upgrade Armor*,*,*,*,*,Luxe Riders*,,,
Wormgod Caress,1734844651,"""6917529412561243208""",,Exotic,Gauntlets,,Titan,1320,,Arc Energy Capacity,2,Vault,true,true,false,1,3,,11,19,3,13,2,17,65,0,11,19,3,13,2,17,65,0,combatstyle,,Upgrade Armor*,*,*,*,*,Burning Fists*,,,,,,
Aeon Safe,1654461647,"""6917529412689860848""",infuse,Exotic,Gauntlets,,Titan,1320,,Void Energy Capacity,2,Vault,true,true,false,1,2,,7,15,12,16,14,2,66,0,7,15,12,16,14,2,66,0,combatstyle,,Upgrade Armor*,*,*,*,*,Sect of Force*,,,,,,
Moonfang-X7 Gauntlets,1581574297,"""6917529198852034985""",,Legendary,Gauntlets,dungeon,Titan,1100,,Solar Energy Capacity,9,Vault,true,true,false,3,11,,8,2,23,15,7,10,65,0,8,2,23,15,7,10,65,0,combatstyle,,Upgrade Armor*,*,*,*,*,Celestial Gauntlets*,,,,,,
Aeon Soul,2950045886,"""6917529412611941341""",infuse,Exotic,Gauntlets,,Warlock,1320,,Arc Energy Capacity,10,Vault,true,true,false,1,2,,4,13,25,9,26,8,85,0,2,11,23,7,19,6,68,0,combatstyle,,Minor Intellect Mod*,Anti-Barrier Scout Rifle*,Unstoppable Grenade Launcher*,Upgrade Armor*,*,*,*,*,Sect of Force*,,,
Terra Concord Fists,3852389988,"""6917529197364926771""",,Legendary,Gauntlets,legendaryengram,Titan,1310,,Arc Energy Capacity,10,Vault,true,true,false,3,11,,4,11,28,28,8,4,83,0,2,9,16,26,6,2,61,0,combatstyle,,Recovery Mod*,Taking Charge*,Amethyst Veil*,Upgrade Armor*,*,*,*,*,Celestial Gauntlets*,,,
Legacy's Oath Gauntlets,1887490701,"""6917529212195350490""",,Legendary,Gauntlets,deepstonecrypt,Titan,1260,,Arc Energy Capacity,1,Vault,true,true,false,4,12,,9,9,14,6,20,2,60,0,9,9,14,6,20,2,60,0,"combatstyle,deepstonecrypt",,Change Energy Type*,*,*,*,*,Contender Gauntlets*,,,,,,
Kabr's Brazen Grips,3368765451,"""6917529408825688016""",,Legendary,Gauntlets,vog,Titan,1320,,Void Energy Capacity,2,Vault,true,false,false,4,14,,2,8,23,12,16,2,63,0,2,8,23,12,16,2,63,0,"combatstyle,vaultofglass",,Upgrade Armor*,*,*,*,*,Contender Gauntlets*,,,,,,
Red Moon Phantom Vest,1571425240,"""6917529356039076469""",,Legendary,Chest Armor,legendaryengram,Hunter,1311,,Arc Energy Capacity,1,Vault,true,true,false,4,13,,11,2,19,10,16,7,65,0,11,2,19,10,16,7,65,0,combatstyle,,Change Energy Type*,*,*,*,*,Prodigal Vest*,,,,,,
Phobos Warden Helm,1884301546,"""6917529366371104736""",,Legendary,Helmet,strikes,Titan,1100,,Solar Energy Capacity,1,Vault,true,true,false,4,14,,6,2,22,15,15,2,62,0,6,2,22,15,15,2,62,0,combatstyle,,Change Energy Type*,*,*,*,*,Crystocrene Helm*,,,,,,
Calamity Rig Helm,1896287986,"""6917529359536534854""",,Legendary,Helmet,drifter,Titan,1313,,Solar Energy Capacity,2,Vault,true,true,false,4,14,,2,10,17,23,8,2,62,0,2,10,17,23,8,2,62,0,combatstyle,,Upgrade Armor*,*,*,*,*,Crystocrene Helm*,,,,,,
Sunbracers,3787517196,"""6917529203627860406""",infuse,Exotic,Gauntlets,,Warlock,1310,,Arc Energy Capacity,2,Vault,true,true,false,1,1,,15,2,15,19,2,8,61,0,15,2,15,19,2,8,61,0,combatstyle,,Amethyst Veil*,Upgrade Armor*,*,*,*,*,Helium Spirals*,,,,,
Doom Fang Pauldron,241462141,"""6917529408969635305""",,Exotic,Gauntlets,,Titan,1320,,Arc Energy Capacity,1,Vault,true,true,false,1,1,,8,13,13,2,14,14,64,0,8,13,13,2,14,14,64,0,combatstyle,,Change Energy Type*,*,*,*,*,Horns of Doom*,,,,,,
Kabr's Brazen Grips,3368765451,"""6917529408799929360""",,Legendary,Gauntlets,vog,Titan,1310,,Solar Energy Capacity,1,Vault,true,false,false,4,14,,2,7,22,10,2,20,63,0,2,7,22,10,2,20,63,0,"combatstyle,vaultofglass",,Change Energy Type*,*,*,*,*,Couturier Gauntlets*,,,,,,
Kabr's Forceful Greaves,123979037,"""6917529408825686581""",,Legendary,Leg Armor,vog,Titan,1310,,Void Energy Capacity,5,Vault,true,true,false,4,14,,2,9,20,6,20,2,59,0,2,9,20,6,20,2,59,0,"combatstyle,vaultofglass",,Upgrade Armor*,*,*,*,*,Celestial Greaves*,,,,,,
Wings of Sacred Dawn,370930766,"""6917529349135937000""",infuse,Exotic,Chest Armor,,Warlock,1310,,Arc Energy Capacity,3,Vault,true,true,false,1,1,,10,12,14,2,20,7,65,0,10,12,14,2,20,7,65,0,combatstyle,,Upgrade Armor*,*,*,*,*,Tome of Dawn*,,,,,,
Aeon Soul,2950045886,"""6917529204023157745""",,Exotic,Gauntlets,,Warlock,1100,,Arc Energy Capacity,10,Vault,true,false,false,1,2,,8,10,15,8,8,14,63,0,6,8,13,6,6,12,51,0,combatstyle,,Upgrade Armor*,*,*,*,*,Sect of Force*,,,,,,
Orpheus Rig,193869523,"""6917529211397880178""",,Exotic,Leg Armor,,Hunter,1252,,Void Energy Capacity,10,Vault,true,true,false,1,1,,10,17,11,11,23,4,76,0,8,15,9,9,21,2,64,0,combatstyle,,Gambit Jadestone*,Upgrade Armor*,*,*,*,*,Calliope's Lullaby*,Uncanny Arrows*,,,,
Shinobu's Vow,1053737370,"""6917529395702675319""",,Exotic,Gauntlets,,Hunter,1310,,Void Energy Capacity,1,Vault,true,true,false,1,2,,10,8,16,13,15,2,64,0,10,8,16,13,15,2,64,0,combatstyle,,Change Energy Type*,*,*,*,*,New Tricks*,,,,,,
Icefall Mantle,1467044898,"""6917529209705891709""",,Exotic,Gauntlets,lostsectors,Titan,1310,,Arc Energy Capacity,1,Vault,true,true,false,4,12,,14,6,10,14,16,2,62,0,14,6,10,14,16,2,62,0,combatstyle,,Change Energy Type*,*,*,*,*,Glacial Guard*,,,,,,
Aeon Soul,2950045886,"""6917529204078706105""",,Exotic,Gauntlets,,Warlock,1100,,Arc Energy Capacity,10,Vault,true,false,false,1,2,,8,10,15,8,8,14,63,0,6,8,13,6,6,12,51,0,combatstyle,,Upgrade Armor*,*,*,*,*,Sect of Force*,,,,,,
Kabr's Forceful Greaves,123979037,"""6917529408825687522""",,Legendary,Leg Armor,vog,Titan,1310,,Void Energy Capacity,4,Vault,true,true,false,4,14,,2,2,30,17,7,7,65,0,2,2,30,17,7,7,65,0,"combatstyle,vaultofglass",,Upgrade Armor*,*,*,*,*,Contender Greaves*,,,,,,
Light of the Great Prism,3012927512,"""6917529374860811761""",,Legendary,Titan Mark,vog,Titan,1320,,Void Energy Capacity,10,Vault,true,true,false,4,14,,2,2,2,2,2,2,12,0,0,0,0,0,0,0,0,0,"combatstyle,vaultofglass",,Breach and Clear*,Amethyst Veil*,Upgrade Armor*,Precise Oracle Disruptor*,,,,,,,,
Verity's Brow,2428181146,"""6917529343373616190""",,Exotic,Helmet,,Warlock,1310,,Solar Energy Capacity,10,Vault,true,true,false,1,3,,4,10,26,9,22,4,75,0,2,8,24,7,20,2,63,0,combatstyle,,Upgrade Armor*,*,*,*,*,The Fourth Magic*,,,,,,
Philomath Boots,3084633087,"""6917529365290307226""",,Legendary,Leg Armor,legendaryengram,Warlock,1318,,Arc Energy Capacity,1,Vault,true,true,false,4,12,,2,6,22,8,16,8,62,0,2,6,22,8,16,8,62,0,combatstyle,,Change Energy Type*,*,*,*,*,Luxe Soles*,,,,,,
Phoenix Cradle,1537074069,"""6917529205745104002""",infuse,Exotic,Leg Armor,campaign,Titan,1100,,Solar Energy Capacity,4,Vault,true,true,false,3,8,,12,7,10,22,2,6,59,0,12,7,10,22,2,6,59,0,combatstyle,,Upgrade Armor*,*,*,*,*,Beacons of Empowerment*,,,,,,
Wings of Sacred Dawn,370930766,"""6917529199900769704""",infuse,Exotic,Chest Armor,,Warlock,1310,,Void Energy Capacity,5,Vault,true,true,false,1,1,,12,2,20,28,2,2,66,0,12,2,20,28,2,2,66,0,combatstyle,,Upgrade Armor*,*,*,*,*,Tome of Dawn*,,,,,,
Aeon Soul,2950045886,"""6917529344251077156""",,Exotic,Gauntlets,,Warlock,1100,,Arc Energy Capacity,10,Vault,true,true,false,1,2,,8,10,15,8,8,14,63,0,6,8,13,6,6,12,51,0,combatstyle,,Upgrade Armor*,*,*,*,*,Sect of Force*,,,,,,
Aeon Soul,2950045886,"""6917529344269968699""",,Exotic,Gauntlets,,Warlock,1100,,Arc Energy Capacity,10,Vault,true,true,false,1,2,,8,10,15,8,8,14,63,0,6,8,13,6,6,12,51,0,combatstyle,,Upgrade Armor*,*,*,*,*,Sect of Force*,,,,,,
Aeon Soul,2950045886,"""6917529344259472747""",,Exotic,Gauntlets,,Warlock,1100,,Arc Energy Capacity,10,Vault,true,true,false,1,2,,8,10,15,8,8,14,63,0,6,8,13,6,6,12,51,0,combatstyle,,Upgrade Armor*,*,*,*,*,Sect of Force*,,,,,,
Claws of Ahamkara,3288917178,"""6917529203528527063""",,Exotic,Gauntlets,,Warlock,1310,,Void Energy Capacity,1,Vault,true,false,false,1,3,,6,2,23,19,8,6,64,0,6,2,23,19,8,6,64,0,combatstyle,,Change Energy Type*,*,*,*,*,The Whispers*,,,,,,
Lightkin Cover,1245678091,"""6917529412367841924""",,Legendary,Helmet,servitor,Warlock,1310,,Solar Energy Capacity,2,Vault,true,true,false,4,14,,2,6,26,20,2,12,68,0,2,6,26,20,2,12,68,0,combatstyle,,Upgrade Armor*,*,*,*,*,Blood Lineage Cover*,,,,,,
Aeon Soul,2950045886,"""6917529344269963099""",,Exotic,Gauntlets,,Warlock,1100,,Arc Energy Capacity,10,Vault,true,true,false,1,2,,8,10,15,8,8,14,63,0,6,8,13,6,6,12,51,0,combatstyle,,Upgrade Armor*,*,*,*,*,Sect of Force*,,,,,,
Crushing Greaves (CODA),1219883244,"""6917529410731565071""",,Legendary,Leg Armor,dungeon,Titan,1320,,Solar Energy Capacity,2,Vault,true,true,false,3,11,,7,2,23,6,17,9,64,0,7,2,23,6,17,9,64,0,combatstyle,,Upgrade Armor*,*,*,*,*,Celestial Greaves*,,,,,,
Aeon Soul,2950045886,"""6917529344269963853""",,Exotic,Gauntlets,,Warlock,1100,,Arc Energy Capacity,10,Vault,true,true,false,1,2,,8,10,15,8,8,14,63,0,6,8,13,6,6,12,51,0,combatstyle,,Upgrade Armor*,*,*,*,*,Sect of Force*,,,,,,
Contraverse Hold,1906093346,"""6917529202577203274""",,Exotic,Gauntlets,,Warlock,1310,,Void Energy Capacity,10,Vault,true,true,false,2,4,,4,8,25,9,14,14,74,0,2,6,23,7,12,12,62,0,combatstyle,,Amethyst Veil*,Upgrade Armor*,*,*,*,*,Chaotic Exchanger*,,,,,
Verity's Brow,2428181146,"""6917529369490724251""",infuse,Exotic,Helmet,,Warlock,1320,,Solar Energy Capacity,10,Vault,true,true,false,1,3,,13,4,19,29,4,14,83,0,11,2,17,17,2,12,61,0,combatstyle,,Discipline Mod*,Grenade Launcher Ammo Finder*,Grenade Launcher Ammo Finder*,Wrath of Rasputin*,Upgrade Armor*,*,*,*,*,The Fourth Magic*,,
Knucklehead Radar,1321354572,"""6917529200102939295""",,Exotic,Helmet,,Hunter,1100,,Solar Energy Capacity,2,Vault,true,true,false,1,1,,13,9,9,17,2,10,60,0,13,9,9,17,2,10,60,0,combatstyle,,Upgrade Armor*,*,*,*,*,Upgraded Sensor Pack*,,,,,,
Phobos Warden Mask,3977387640,"""6917529369693960282""",,Legendary,Helmet,strikes,Hunter,1319,,Solar Energy Capacity,2,Vault,true,true,false,4,14,,8,2,19,18,2,8,57,0,8,2,19,18,2,8,57,0,combatstyle,,Upgrade Armor*,*,*,*,*,Contender Mask*,,,,,,
Crest of Alpha Lupi,1591207519,"""6917529407702288219""",infuse,Exotic,Chest Armor,,Titan,1320,,Solar Energy Capacity,6,Vault,true,true,false,1,1,,8,16,10,7,15,8,64,0,8,16,10,7,15,8,64,0,combatstyle,,Shotgun Reserves*,Shotgun Reserves*,Upgrade Armor*,*,*,*,*,Survival Well*,,,,
Scorned Baron Plate,3214769810,"""6917529342854924306""",,Legendary,Chest Armor,tangled,Titan,1310,,Void Energy Capacity,1,Vault,true,true,false,4,12,,10,6,16,21,2,8,63,0,10,6,16,21,2,8,63,0,combatstyle,,Change Energy Type*,*,*,*,*,Phenotype Plasticity Plate*,,,,,,
Lightkin Plate,3497822409,"""6917529402298450321""",,Legendary,Chest Armor,servitor,Titan,1310,,Solar Energy Capacity,3,Vault,true,true,false,4,14,,11,2,17,23,7,2,62,0,11,2,17,23,7,2,62,0,combatstyle,,Upgrade Armor*,*,*,*,*,Phenotype Plasticity Plate*,,,,,,
Holdfast Greaves,1131831128,"""6917529198968684977""",,Legendary,Leg Armor,seasonpass,Titan,1100,,Arc Energy Capacity,5,Vault,true,true,false,3,11,,6,10,13,2,25,2,58,0,6,10,13,2,25,2,58,0,combatstyle,,Upgrade Armor*,*,*,*,*,Celestial Greaves*,,,,,,
Prime Zealot Strides,129332559,"""6917529404956916763""",,Legendary,Leg Armor,vog,Hunter,1320,,Arc Energy Capacity,2,Vault,true,true,false,4,14,,2,9,20,20,9,2,62,0,2,9,20,20,9,2,62,0,"combatstyle,vaultofglass",,Upgrade Armor*,*,*,*,*,Luxe Riders*,,,,,,
Kerak Type 2,623912054,"""6917529349097712243""",,Legendary,Leg Armor,legendaryengram,Titan,1310,,Arc Energy Capacity,5,Vault,true,true,false,4,12,,2,12,19,11,17,2,63,0,2,12,19,11,17,2,63,0,combatstyle,,Upgrade Armor*,*,*,*,*,Celestial Greaves*,,,,,,
Prime Zealot Gloves,3753500813,"""6917529404947105188""",,Legendary,Gauntlets,vog,Hunter,1320,,Arc Energy Capacity,2,Vault,true,true,false,4,14,,8,2,22,15,12,6,65,0,8,2,22,15,12,6,65,0,"combatstyle,vaultofglass",,Upgrade Armor*,*,*,*,*,Luxe Sleeves*,,,,,,
Severance Enclosure,2326396534,"""6917529342863283858""",infuse,Exotic,Chest Armor,,Titan,1310,,Arc Energy Capacity,3,Vault,true,true,false,3,9,,2,16,13,6,18,7,62,0,2,16,13,6,18,7,62,0,combatstyle,,Upgrade Armor*,*,*,*,*,Spheromatik Trigger*,,,,,,
Armamentarium,3874247549,"""6917529342888276010""",infuse,Exotic,Chest Armor,,Titan,1310,,Arc Energy Capacity,1,Vault,true,true,false,1,3,,2,4,31,15,16,2,70,0,2,4,31,15,16,2,70,0,combatstyle,,Change Energy Type*,*,*,*,*,And Another Thing*,,,,,,
Legacy's Oath Grips,2343515647,"""6917529406805685913""",,Legendary,Gauntlets,deepstonecrypt,Hunter,1320,,Solar Energy Capacity,3,Vault,true,true,false,4,12,,7,2,20,23,2,2,56,0,7,2,20,23,2,2,56,0,"combatstyle,deepstonecrypt",,Upgrade Armor*,*,*,*,*,Virtuous Grips*,,,,,,
Dreambane Grips,2293199928,"""6917529407086586029""",,Legendary,Gauntlets,moon,Hunter,1310,,Arc Energy Capacity,7,Vault,true,true,false,4,13,,2,10,20,2,23,7,64,0,2,10,20,2,23,7,64,0,"combatstyle,nightmare",,Upgrade Armor*,*,*,*,*,,,,,,,
Starfire Protocol,2082483156,"""6917529194939100047""",infuse,Exotic,Chest Armor,,Warlock,1310,,Void Energy Capacity,1,Vault,true,false,false,1,1,,8,7,18,15,9,7,64,0,8,7,18,15,9,7,64,0,combatstyle,,Change Energy Type*,*,*,*,*,Fusion Harness*,,,,,,
Lightkin Strides,3827066919,"""6917529406174255288""",,Legendary,Leg Armor,servitor,Hunter,1310,,Solar Energy Capacity,5,Vault,true,true,false,4,14,,9,2,21,10,16,2,60,0,9,2,21,10,16,2,60,0,combatstyle,,Upgrade Armor*,*,*,*,*,Moonfang-X7 Strides*,,,,,,
Lightkin Strides,3827066919,"""6917529406187042371""",,Legendary,Leg Armor,servitor,Hunter,1310,,Void Energy Capacity,2,Vault,true,true,false,4,14,,2,7,23,2,23,6,63,0,2,7,23,2,23,6,63,0,combatstyle,,Upgrade Armor*,*,*,*,*,Moonfang-X7 Strides*,,,,,,
Seventh Seraph Greaves,1967684865,"""6917529211680015666""",,Legendary,Leg Armor,seasonpass,Titan,1252,,Void Energy Capacity,1,Vault,true,true,false,3,10,,2,9,21,21,2,7,62,0,2,9,21,21,2,7,62,0,combatstyle,,Change Energy Type*,*,*,*,*,Contender Greaves*,,,,,,
Moonfang-X7 Grips,100226755,"""6917529199747644854""",,Legendary,Gauntlets,dungeon,Hunter,1320,,Arc Energy Capacity,10,Vault,true,true,false,3,11,,4,9,25,19,8,8,73,0,2,7,23,17,6,6,61,0,combatstyle,,Lucent Blade*,Metro Shift*,Upgrade Armor*,*,*,*,*,Virtuous Grips*,,,,
Aeon Soul,2950045886,"""6917529203788233452""",,Exotic,Gauntlets,,Warlock,1100,,Arc Energy Capacity,10,Vault,true,true,false,1,2,,8,10,15,8,8,14,63,0,6,8,13,6,6,12,51,0,combatstyle,,Upgrade Armor*,*,*,*,*,Sect of Force*,,,,,,
Sovereign Greaves,1516941763,"""6917529198997239010""",,Legendary,Leg Armor,nm,Titan,1320,,Solar Energy Capacity,10,Vault,true,true,false,3,10,,4,8,26,32,10,4,84,0,2,6,24,20,8,2,62,0,combatstyle,,Discipline Mod*,Traction*,Firepower*,Amethyst Veil*,Upgrade Armor*,*,*,*,*,Contender Greaves*,,
Promethium Spur,235591051,"""6917529393934058935""",,Exotic,Leg Armor,,Warlock,1320,,Solar Energy Capacity,3,Vault,true,false,false,3,9,,2,6,24,6,11,12,61,0,2,6,24,6,11,12,61,0,combatstyle,,Upgrade Armor*,*,*,*,*,Embers of Light*,,,,,,
Hallowfire Heart,1192890598,"""6917529390884026357""",infuse,Exotic,Chest Armor,,Titan,1319,,Arc Energy Capacity,4,Vault,true,true,false,1,1,,4,13,20,15,9,7,68,0,4,13,20,15,9,7,68,0,combatstyle,,Upgrade Armor*,*,*,*,*,Sunfire Furnace*,,,,,,
Aeon Soul,2950045886,"""6917529203799126042""",,Exotic,Gauntlets,,Warlock,1100,,Arc Energy Capacity,10,Vault,true,true,false,1,2,,8,10,15,8,8,14,63,0,6,8,13,6,6,12,51,0,combatstyle,,Upgrade Armor*,*,*,*,*,Sect of Force*,,,,,,
The Path of Burning Steps,1453120846,"""6917529353833989313""",infuse,Exotic,Leg Armor,lostsectors,Titan,1310,,Void Energy Capacity,3,Vault,true,true,false,4,14,,2,6,22,2,12,17,61,0,2,6,22,2,12,17,61,0,combatstyle,,Upgrade Armor*,*,*,*,*,Firewalker*,,,,,,
Aeon Soul,2950045886,"""6917529203804848161""",,Exotic,Gauntlets,,Warlock,1100,,Arc Energy Capacity,10,Vault,true,true,false,1,2,,8,10,15,8,8,14,63,0,6,8,13,6,6,12,51,0,combatstyle,,Upgrade Armor*,*,*,*,*,Sect of Force*,,,,,,
Fragment of the Prime,2253382795,"""6917529394884346954""",,Legendary,Warlock Bond,vog,Warlock,1320,,Arc Energy Capacity,10,Vault,true,true,false,4,14,,2,2,2,2,2,2,12,0,0,0,0,0,0,0,0,0,"combatstyle,vaultofglass",,Upgrade Armor*,,,,,,,,,,,
Shattered Vault Cloak,3339387242,"""6917529398186450029""",,Legendary,Hunter Cloak,vog,Hunter,1320,,Arc Energy Capacity,10,Vault,true,true,false,4,14,,2,2,2,2,2,2,12,0,0,0,0,0,0,0,0,0,"combatstyle,vaultofglass",,Upgrade Armor*,,,,,,,,,,,
Aeon Soul,2950045886,"""6917529203810552778""",,Exotic,Gauntlets,,Warlock,1100,,Arc Energy Capacity,10,Vault,true,false,false,1,2,,8,10,15,8,8,14,63,0,6,8,13,6,6,12,51,0,combatstyle,,Upgrade Armor*,*,*,*,*,Sect of Force*,,,,,,
Aeon Soul,2950045886,"""6917529203810555545""",,Exotic,Gauntlets,,Warlock,1100,,Arc Energy Capacity,10,Vault,true,false,false,1,2,,8,10,15,8,8,14,63,0,6,8,13,6,6,12,51,0,combatstyle,,Upgrade Armor*,*,*,*,*,Sect of Force*,,,,,,
Aeon Soul,2950045886,"""6917529203810555570""",,Exotic,Gauntlets,,Warlock,1100,,Arc Energy Capacity,10,Vault,true,true,false,1,2,,8,10,15,8,8,14,63,0,6,8,13,6,6,12,51,0,combatstyle,,Upgrade Armor*,*,*,*,*,Sect of Force*,,,,,,
Aeon Soul,2950045886,"""6917529203823422789""",,Exotic,Gauntlets,,Warlock,1100,,Arc Energy Capacity,10,Vault,true,false,false,1,2,,8,10,15,8,8,14,63,0,6,8,13,6,6,12,51,0,combatstyle,,Upgrade Armor*,*,*,*,*,Sect of Force*,,,,,,
Lucky Raspberry,903984858,"""6917529202665230252""",,Exotic,Chest Armor,,Hunter,1100,,Arc Energy Capacity,2,Vault,true,true,false,1,1,,14,10,9,18,6,7,64,0,14,10,9,18,6,7,64,0,combatstyle,,Upgrade Armor*,*,*,*,*,Probability Matrix*,,,,,,
Thorium Holt Hood,1592984110,"""6917529343465007012""",,Legendary,Helmet,legendaryengram,Warlock,1310,,Void Energy Capacity,10,Vault,true,true,false,4,13,,16,4,17,8,28,4,77,0,14,2,15,6,26,2,65,0,combatstyle,,Upgrade Armor*,*,*,*,*,Celestial Cover*,,,,,,
Ophidian Aspect,3627185503,"""6917529344342859145""",infuse,Exotic,Gauntlets,,Warlock,1310,,Arc Energy Capacity,10,Vault,true,true,false,1,2,,12,10,22,8,16,12,80,0,10,8,15,6,14,10,63,0,combatstyle,,Minor Recovery Mod*,Hand Cannon Loader*,Hand Cannon Loader*,Upgrade Armor*,*,*,*,*,Cobra Totemic*,,,
Eternal Warrior,2808156426,"""6917529345296986782""",,Exotic,Helmet,,Titan,1310,,Solar Energy Capacity,4,Vault,true,true,false,1,3,,8,15,12,17,2,11,65,0,8,15,12,17,2,11,65,0,combatstyle,,Upgrade Armor*,*,*,*,*,Resolute*,,,,,,
Wild Hunt Vestment,317220729,"""6917529411685881247""",,Legendary,Chest Armor,seasonpass,Warlock,1100,,Arc Energy Capacity,1,Vault,true,true,false,4,12,,2,2,28,2,25,2,61,0,2,2,28,2,25,2,61,0,combatstyle,,Change Energy Type*,*,*,*,*,,,,,,,
Aeon Soul,2950045886,"""6917529203823423282""",,Exotic,Gauntlets,,Warlock,1100,,Arc Energy Capacity,10,Vault,true,false,false,1,2,,8,10,15,8,8,14,63,0,6,8,13,6,6,12,51,0,combatstyle,,Upgrade Armor*,*,*,*,*,Sect of Force*,,,,,,
Wild Hunt Vestment,317220729,"""6917529411685877171""",,Legendary,Chest Armor,seasonpass,Warlock,1100,,Arc Energy Capacity,1,Vault,true,true,false,4,12,,2,2,28,2,25,2,61,0,2,2,28,2,25,2,61,0,combatstyle,,Change Energy Type*,*,*,*,*,,,,,,,
Wild Hunt Vestment,317220729,"""6917529411690501844""",,Legendary,Chest Armor,seasonpass,Warlock,1100,,Arc Energy Capacity,1,Vault,true,true,false,4,12,,2,2,28,2,25,2,61,0,2,2,28,2,25,2,61,0,combatstyle,,Change Energy Type*,*,*,*,*,,,,,,,
Transversive Steps,138282166,"""6917529394640862023""",infuse,Exotic,Leg Armor,,Warlock,1320,,Void Energy Capacity,1,Vault,true,true,false,1,1,,7,6,21,7,16,7,64,0,7,6,21,7,16,7,64,0,combatstyle,,Change Energy Type*,*,*,*,*,Strange Protractor*,,,,,,
Stormdancer's Brace,1996008488,"""6917529202583253086""",infuse,Exotic,Chest Armor,campaign,Warlock,1100,,Solar Energy Capacity,3,Vault,true,true,false,3,8,,2,10,18,17,2,12,61,0,2,10,18,17,2,12,61,0,combatstyle,,Upgrade Armor*,*,*,*,*,Ascending Amplitude*,,,,,,
Graviton Forfeit,2773056939,"""6917529376874020232""",,Exotic,Helmet,,Hunter,1320,,Arc Energy Capacity,1,Vault,true,false,false,1,2,,24,2,8,14,9,8,65,0,24,2,8,14,9,8,65,0,combatstyle,,Change Energy Type*,*,*,*,*,Vanishing Shadow*,,,,,,
Aeon Soul,2950045886,"""6917529203829388105""",,Exotic,Gauntlets,,Warlock,1100,,Arc Energy Capacity,10,Vault,true,false,false,1,2,,8,10,15,8,8,14,63,0,6,8,13,6,6,12,51,0,combatstyle,,Upgrade Armor*,*,*,*,*,Sect of Force*,,,,,,
Legacy's Oath Vest,4001862073,"""6917529378946867104""",,Legendary,Chest Armor,deepstonecrypt,Hunter,1310,,Solar Energy Capacity,10,Vault,true,true,false,4,12,,4,8,27,11,23,4,77,0,2,6,25,9,21,2,65,0,"combatstyle,deepstonecrypt",,Warbrick*,Upgrade Armor*,*,*,*,*,Prodigal Vest*,,,,,
Helm of Saint-14,106575079,"""6917529414101995031""",,Exotic,Helmet,,Titan,1310,,Solar Energy Capacity,2,Vault,true,true,false,1,2,,7,16,10,2,12,16,63,0,7,16,10,2,12,16,63,0,combatstyle,,Upgrade Armor*,*,*,*,*,Starless Night*,,,,,,
An Insurmountable Skullfort,3216110440,"""6917529418157454514""",,Exotic,Helmet,,Titan,1320,,Arc Energy Capacity,3,Vault,true,true,false,1,1,,6,7,19,2,6,24,64,0,6,7,19,2,6,24,64,0,combatstyle,,Upgrade Armor*,*,*,*,*,Transfusion Matrix*,,,,,,
Precious Scars,3974038291,"""6917529413369543192""",,Exotic,Helmet,lostsectors,Titan,1320,,Arc Energy Capacity,2,Vault,true,true,false,4,12,,6,9,14,2,20,10,61,0,6,9,14,2,20,10,61,0,combatstyle,,Upgrade Armor*,*,*,*,*,Kintsugi*,,,,,,
Lightkin Robes,2146386894,"""6917529398885049677""",,Legendary,Chest Armor,servitor,Warlock,1310,,Void Energy Capacity,1,Vault,true,true,false,4,14,,2,2,26,22,9,2,63,0,2,2,26,22,9,2,63,0,combatstyle,,Change Energy Type*,*,*,*,*,Celestial Robes*,,,,,,
Wormgod Caress,1734844651,"""6917529212195348010""",,Exotic,Gauntlets,,Titan,1259,,Arc Energy Capacity,3,Vault,true,true,false,1,3,,11,10,11,22,7,2,63,0,11,10,11,22,7,2,63,0,combatstyle,,Upgrade Armor*,*,*,*,*,Burning Fists*,,,,,,
Aeon Soul,2950045886,"""6917529203610727122""",,Exotic,Gauntlets,,Warlock,1100,,Arc Energy Capacity,10,Vault,true,false,false,1,2,,8,10,15,8,8,14,63,0,6,8,13,6,6,12,51,0,combatstyle,,Upgrade Armor*,*,*,*,*,Sect of Force*,,,,,,
Holdfast Boots,674876967,"""6917529204235556070""",,Legendary,Leg Armor,seasonpass,Warlock,1310,,Void Energy Capacity,10,Vault,true,true,false,3,11,,8,4,33,30,4,-6,73,0,6,2,21,28,2,2,61,0,combatstyle,,Recovery Mod*,Grenade Launcher Scavenger*,Grenade Launcher Scavenger*,Protective Light*,Amethyst Veil*,Upgrade Armor*,*,*,*,*,Lightkin Boots*,
Astrocyte Verse,3948284065,"""6917529343449317727""",,Exotic,Helmet,,Warlock,1310,,Solar Energy Capacity,5,Vault,true,true,false,2,7,,15,2,18,14,8,6,63,0,15,2,18,14,8,6,63,0,combatstyle,,Upgrade Armor*,*,*,*,*,Move to Survive*,,,,,,
Dreambane Greaves,2345799798,"""6917529377914045156""",,Legendary,Leg Armor,moon,Titan,1310,,Solar Energy Capacity,1,Vault,true,true,false,4,13,,15,15,2,10,19,2,63,0,15,15,2,10,19,2,63,0,"combatstyle,nightmare",,Change Energy Type*,*,*,*,*,,,,,,,
Dawn Chorus,2316914168,"""6917529344190307853""",,Exotic,Helmet,lostsectors,Warlock,1310,,Void Energy Capacity,3,Vault,true,true,false,4,12,,2,9,19,11,10,8,59,0,2,9,19,11,10,8,59,0,combatstyle,,Upgrade Armor*,*,*,*,*,Rites of Ember*,,,,,,
Iron Truage Vestments,459833058,"""6917529382123708082""",,Legendary,Chest Armor,ironbanner,Warlock,1310,,Arc Energy Capacity,1,Vault,true,true,false,4,13,,6,2,24,18,11,2,63,0,6,2,24,18,11,2,63,0,combatstyle,,Change Energy Type*,*,*,*,*,Celestial Robes*,,,,,,
Reverie Dawn Tabard,757360370,"""6917529388285040842""",,Legendary,Chest Armor,dreaming,Warlock,1310,,Void Energy Capacity,2,Vault,true,true,false,4,13,,2,7,22,6,19,7,63,0,2,7,22,6,19,7,63,0,combatstyle,,Upgrade Armor*,*,*,*,*,Robes of the Emperor's Minister*,,,,,,
Iron Truage Legs,2351038408,"""6917529382118023241""",,Legendary,Leg Armor,ironbanner,Warlock,1310,,Arc Energy Capacity,3,Vault,true,true,false,4,13,,2,6,23,2,22,6,61,0,2,6,23,2,22,6,61,0,combatstyle,,Upgrade Armor*,*,*,*,*,Blood Lineage Boots*,,,,,,
Dreambane Plate,175015316,"""6917529404724061487""",,Legendary,Chest Armor,moon,Titan,1310,,Arc Energy Capacity,7,Vault,true,true,false,4,13,,7,2,23,6,26,2,66,0,7,2,23,6,26,2,66,0,"combatstyle,nightmare",,Upgrade Armor*,*,*,*,*,Celestial Plate*,,,,,,
Dreambane Gloves,3118392309,"""6917529375717815452""",,Legendary,Gauntlets,moon,Warlock,1310,,Void Energy Capacity,2,Vault,true,false,false,4,13,,12,2,16,7,6,17,60,0,12,2,16,7,6,17,60,0,"combatstyle,nightmare",,Upgrade Armor*,*,*,*,*,,,,,,,
Dreambane Hood,1721938300,"""6917529375730800089""",,Legendary,Helmet,moon,Warlock,1310,,Void Energy Capacity,7,Vault,true,true,false,4,13,,20,10,2,6,2,24,64,0,20,10,2,6,2,24,64,0,"combatstyle,nightmare",,Upgrade Armor*,*,*,*,*,,,,,,,
Chromatic Fire,4057299718,"""6917529402188492269""",infuse,Exotic,Chest Armor,,Warlock,1310,,Void Energy Capacity,1,Vault,true,false,false,2,4,,2,12,17,19,10,2,62,0,2,12,17,19,10,2,62,0,combatstyle,,Change Energy Type*,*,*,*,*,Crystalline Transistor*,,,,,,
Dreambane Strides,328467570,"""6917529377555554111""",,Legendary,Leg Armor,moon,Hunter,1310,,Arc Energy Capacity,7,Vault,true,false,false,4,13,,20,2,9,24,2,7,64,0,20,2,9,24,2,7,64,0,"combatstyle,nightmare",,Upgrade Armor*,*,*,*,*,,,,,,,
Fragment of the Prime,2253382795,"""6917529363779167850""",,Legendary,Warlock Bond,vog,Warlock,1320,,Void Energy Capacity,10,Vault,true,true,false,4,14,,2,2,2,2,2,2,12,0,0,0,0,0,0,0,0,0,"combatstyle,vaultofglass",,Breach and Clear*,Amethyst Veil*,Upgrade Armor*,Superstructure Defender*,,,,,,,,
Phoenix Protocol,4057299719,"""6917529254396011516""",infuse,Exotic,Chest Armor,,Warlock,1310,,Solar Energy Capacity,5,Vault,true,true,false,2,4,,9,6,19,20,2,9,65,0,9,6,19,20,2,9,65,0,combatstyle,,Upgrade Armor*,*,*,*,*,Battle-Hearth*,,,,,,
Lightkin Greaves,3973929105,"""6917529393812049280""",,Legendary,Leg Armor,servitor,Titan,1310,,Solar Energy Capacity,1,Vault,true,true,false,4,14,,2,9,20,2,2,28,63,0,2,9,20,2,2,28,63,0,combatstyle,,Change Energy Type*,*,*,*,*,Couturier Joggers*,,,,,,
Lightkin Boots,1248864692,"""6917529373875415980""",,Legendary,Leg Armor,servitor,Warlock,1310,,Void Energy Capacity,1,Vault,true,true,false,4,14,,11,2,18,7,17,6,61,0,11,2,18,7,17,6,61,0,combatstyle,,Change Energy Type*,*,*,*,*,Luxe Soles*,,,,,,
Crown of Tempests,3381022969,"""6917529123689687943""",,Exotic,Helmet,,Warlock,1100,,Arc Energy Capacity,7,Vault,true,true,false,1,1,,7,7,15,22,14,2,67,0,7,7,15,12,14,2,57,0,combatstyle,,Discipline Mod*,Sword Ammo Finder*,Sword Ammo Finder*,Upgrade Armor*,*,*,*,*,Conduction Tines*,,,
Insight Unyielding Greaves,3651598572,"""6917529393312189508""",,Legendary,Leg Armor,legendaryengram,Titan,1319,,Arc Energy Capacity,3,Vault,true,true,false,3,11,,6,2,20,2,20,9,59,0,6,2,20,2,20,9,59,0,combatstyle,,Upgrade Armor*,*,*,*,*,Celestial Greaves*,,,,,,
Omnioculus,1935198785,"""6917529392277638620""",,Exotic,Chest Armor,lostsectors,Hunter,1320,,Solar Energy Capacity,5,Vault,true,true,false,4,13,,2,7,22,10,6,14,61,0,2,7,22,10,6,14,61,0,combatstyle,,Upgrade Armor*,*,*,*,*,Beyond The Veil*,,,,,,
Gwisin Vest,1474735276,"""6917529393997682763""",,Exotic,Chest Armor,,Hunter,1320,,Arc Energy Capacity,2,Vault,true,true,false,2,4,,4,15,17,8,20,2,66,0,4,15,17,8,20,2,66,0,combatstyle,,Upgrade Armor*,*,*,*,*,Roving Assassin*,,,,,,
Aeon Soul,2950045886,"""6917529348796291991""",,Exotic,Gauntlets,,Warlock,1100,,Arc Energy Capacity,10,Vault,true,false,false,1,2,,8,10,15,8,8,14,63,0,6,8,13,6,6,12,51,0,combatstyle,,Upgrade Armor*,*,*,*,*,Sect of Force*,,,,,,
Channeling Robes (CODA),1652467433,"""6917529198729436879""",,Legendary,Chest Armor,dungeon,Warlock,1320,,Solar Energy Capacity,10,Vault,true,true,false,3,11,,8,12,28,24,9,4,85,0,6,10,16,22,7,2,63,0,combatstyle,,Recovery Mod*,Sniper Damage Resistance*,Sniper Damage Resistance*,Firepower*,Skele-Ghaul*,Upgrade Armor*,*,*,*,*,Lightkin Robes*,
Chromatic Fire,4057299718,"""6917529345193385314""",,Exotic,Chest Armor,,Warlock,1310,,Solar Energy Capacity,10,Vault,true,true,false,2,4,,4,23,13,12,20,4,76,0,2,21,11,10,18,2,64,0,combatstyle,,Upgrade Armor*,*,*,*,*,Crystalline Transistor*,,,,,,
Philomath Gloves,760584029,"""6917529343401742947""",,Legendary,Gauntlets,legendaryengram,Warlock,1320,,Void Energy Capacity,10,Vault,true,true,false,4,12,,4,13,27,21,12,4,81,0,2,11,20,19,10,2,64,0,combatstyle,,Minor Recovery Mod*,Hand Cannon Loader*,Overload Hand Cannon*,Taking Charge*,Jacarina*,Upgrade Armor*,*,*,*,*,Couturier Gloves*,
Actium War Rig,1591207518,"""6917529114099765638""",infuse,Exotic,Chest Armor,,Titan,1100,,Arc Energy Capacity,9,Vault,true,false,false,1,1,,3,7,20,24,6,8,68,0,3,7,20,14,6,8,58,0,combatstyle,,Discipline Mod*,Machine Gun Reserves*,Machine Gun Reserves*,Amethyst Veil*,Upgrade Armor*,*,*,*,*,Grant's Vicksburg*,Auto-Loading Link*,
Aeon Soul,2950045886,"""6917529203610731813""",,Exotic,Gauntlets,,Warlock,1100,,Arc Energy Capacity,10,Vault,true,false,false,1,2,,8,10,15,8,8,14,63,0,6,8,13,6,6,12,51,0,combatstyle,,Upgrade Armor*,*,*,*,*,Sect of Force*,,,,,,
Phobos Warden Vest,2335208655,"""6917529393325566371""",,Legendary,Chest Armor,strikes,Hunter,1100,,Solar Energy Capacity,1,Vault,true,true,false,4,14,,16,2,16,20,6,2,62,0,16,2,16,20,6,2,62,0,combatstyle,,Change Energy Type*,*,*,*,*,Luxe Vest*,,,,,,
Lightkin Robes,2146386894,"""6917529393348679040""",,Legendary,Chest Armor,servitor,Warlock,1310,,Solar Energy Capacity,3,Vault,true,true,false,4,14,,7,2,20,6,24,2,61,0,7,2,20,6,24,2,61,0,combatstyle,,Upgrade Armor*,*,*,*,*,Robes of the Emperor's Minister*,,,,,,
Karnstein Armlets,3844826440,"""6917529390624693196""",infuse,Exotic,Gauntlets,,Warlock,1320,,Void Energy Capacity,2,Vault,true,true,false,1,1,,8,7,20,10,20,2,67,0,8,7,20,10,20,2,67,0,combatstyle,,Upgrade Armor*,*,*,*,*,Vampire's Caress*,,,,,,
Boots of the Assembler,3045642045,"""6917529393906696895""",infuse,Exotic,Leg Armor,lostsectors,Warlock,1320,,Solar Energy Capacity,1,Vault,true,true,false,4,14,,7,2,23,17,2,11,62,0,7,2,23,17,2,11,62,0,combatstyle,,Change Energy Type*,*,*,*,*,Blessing of Order*,,,,,,
Shadow's Mind,2472794149,"""6917529199013223033""",,Legendary,Helmet,crownofsorrow,Warlock,1320,,Solar Energy Capacity,10,Vault,true,true,false,3,11,,4,4,27,22,4,12,73,0,2,2,25,20,2,10,61,0,combatstyle,,Upgrade Armor*,*,*,*,*,Blood Lineage Cover*,,,,,,
Shattered Vault Cloak,3339387242,"""6917529401473762543""",,Legendary,Hunter Cloak,vog,Hunter,1320,,Void Energy Capacity,10,Vault,true,true,false,4,14,,2,2,2,2,2,2,12,0,0,0,0,0,0,0,0,0,"combatstyle,vaultofglass",,Breach and Clear*,Skele-Ghaul*,Upgrade Armor*,Precise Oracle Disruptor*,,,,,,,,
Oathkeeper,691578978,"""6917529345046828621""",,Exotic,Gauntlets,,Hunter,1309,,Arc Energy Capacity,2,Vault,true,true,false,2,4,,9,7,15,7,14,9,61,0,9,7,15,7,14,9,61,0,combatstyle,,Upgrade Armor*,*,*,*,*,Adamantine Brace*,,,,,,
Aeon Swift,3942036043,"""6917529345003726302""",,Exotic,Gauntlets,,Hunter,1309,,Arc Energy Capacity,10,Vault,true,true,false,1,2,,13,5,23,8,8,12,69,0,11,3,11,6,6,10,47,0,combatstyle,,Recovery Mod*,Fastball*,Empowered Finish*,Metro Shift*,Upgrade Armor*,*,*,*,*,Sect of Insight*,,
Lightkin Vest,3436655867,"""6917529403362061897""",,Legendary,Chest Armor,servitor,Hunter,1310,,Void Energy Capacity,6,Vault,true,true,false,4,14,,8,2,23,12,17,2,64,0,8,2,23,12,17,2,64,0,combatstyle,,Upgrade Armor*,*,*,*,*,Prodigal Vest*,,,,,,